idProduct,name,description,quantity
1,Muffin Batt - Carrot Spice,664159086-0,901
2,Lemon Pepper,710201472-4,1
3,Napkin White,684078300-6,23
4,"Chicken - Leg, Boneless",141008975-4,03266
5,Canadian Emmenthal,762574501-5,30339
6,Vacuum Bags 12x16,088288987-7,2886
7,Flour - Fast / Rapid,494200132-3,13
8,The Pop Shoppe - Grape,954038387-0,6452
9,Vinegar - Cider,282546246-2,2
10,Pork - Belly Fresh,078817853-9,8720
11,Wine - Fino Tio Pepe Gonzalez,676243926-8,63
12,Wine - Chianti Classica Docg,383417595-1,6
13,Bouq All Italian - Primerba,077302128-0,30
14,Salmon - Sockeye Raw,332975721-3,91244
15,Artichoke - Fresh,165350717-9,4
16,"Wine - White, Chardonnay",632548001-5,7
17,Cognac - Courvaisier,463870386-0,768
18,Basil - Pesto Sauce,681176626-3,649
19,Chef Hat 20cm,858577166-6,8
20,Wasabi Powder,408896613-9,966
21,Hold Up Tool Storage Rack,611871774-5,6
22,Sugar - Fine,234070795-1,5
23,Apple - Royal Gala,235663469-X,50322
24,Wine - Ice Wine,267201567-8,07836
25,"Salsify, Organic",129971059-X,3567
26,"Wine - Red, Pelee Island Merlot",391478355-9,10
27,Chicken - Bones,746550707-3,6972
28,Nestea - Iced Tea,854840634-8,7
29,Puree - Blackcurrant,382786912-9,85135
30,Marzipan 50/50,235801529-6,085
31,"Mushroom - Morels, Dry",285719148-0,7
32,Pasta - Orecchiette,893319287-5,293
33,Container - Clear 16 Oz,060641443-6,3
34,Fudge - Chocolate Fudge,946030475-3,91
35,Mushroom Morel Fresh,937178307-9,617
36,Oil - Coconut,284652532-3,80
37,"Vodka - Lemon, Absolut",179366609-1,588
38,Nescafe - Frothy French Vanilla,597537056-6,91
39,Ham - Cooked Italian,971408427-X,69512
40,Couscous,131562505-9,61
41,Ham - Procutinni,770586229-8,6
42,Pork - Kidney,044204248-5,636
43,Shrimp - Black Tiger 26/30,126772015-8,48094
44,Dish Towel,627579424-0,65
45,Mints - Striped Red,165656791-1,0370
46,Vodka - Moskovskaya,977881345-0,27
47,Bread - Italian Corn Meal Poly,895890306-6,17882
48,Oysters - Smoked,979263736-2,505
49,Lettuce - Radicchio,198315979-4,81
50,"Wine - Red, Antinori Santa",277036544-4,74
51,Cabbage - Savoy,111532456-X,651
52,Mushrooms - Honey,229603360-1,91
53,Toamtoes 6x7 Select,377331127-3,985
54,Sesame Seed,397211356-0,18
55,Kale - Red,258886180-6,832
56,Rice Wine - Aji Mirin,184325526-X,870
57,Bread Base - Gold Formel,577010698-0,9
58,Foil - 4oz Custard Cup,038987319-5,40
59,Sour Cream,135140600-0,2
60,Pickles - Gherkins,500087248-7,96
61,Whmis - Spray Bottle Trigger,144440782-1,254
62,Onions - Red Pearl,476306237-9,586
63,Clams - Bay,847554236-0,403
64,Rice - Aborio,023673786-4,4151
65,Pastry - Cheese Baked Scones,557467717-2,7422
66,Muffin Batt - Carrot Spice,376383351-X,6912
67,Table Cloth 144x90 White,048376806-5,00
68,Bar Mix - Lemon,796892288-7,0
69,Flower - Carnations,479609937-9,75928
70,Glass Clear 8 Oz,353828929-8,753
71,Lettuce - Romaine,962286848-7,679
72,"Pepper - Black, Ground",129573832-5,15
73,"Wine - White, Antinore Orvieto",321335533-X,33
74,Cookie Trail Mix,177436070-5,76
75,Wooden Mop Handle,872033539-3,52717
76,Chinese Foods - Cantonese,367753613-8,89
77,Table Cloth 91x91 Colour,548111943-9,65780
78,Melon - Honey Dew,863284593-4,62
79,"Leeks - Baby, White",950678197-4,44188
80,Tray - 16in Rnd Blk,853853344-4,7793
81,"Pork - Loin, Boneless",244787661-0,591
82,Chocolate - Chips Compound,136897605-0,7
83,"Cheese - Mozzarella, Buffalo",097579881-2,95
84,Lettuce - Belgian Endive,509926049-7,59
85,Crackers - Graham,526306223-0,3
86,"Dill - Primerba, Paste",577888682-9,7373
87,"Pepsi - Diet, 355 Ml",055427923-1,20836
88,Ecolab Crystal Fusion,611112845-0,4
89,Plastic Arrow Stir Stick,898442266-5,0356
90,V8 - Tropical Blend,061397996-6,955
91,Pepper - Chilli Seeds Mild,404512173-0,613
92,Transfer Sheets,558382391-7,9377
93,Pears - Fiorelle,122977369-X,061
94,Scotch - Queen Anne,189679315-0,7
95,Carbonated Water - Strawberry,008138076-3,58
96,Chips Potato Reg 43g,309637124-5,7
97,Chocolate Bar - Oh Henry,988224581-1,31
98,Carbonated Water - Cherry,427919930-2,137
99,Muffin Orange Individual,392771441-0,37
100,Milk - 2%,307112477-5,7
101,Pastry - Cherry Danish - Mini,139563252-9,407
102,Bread Base - Italian,375416944-0,5000
103,Allspice - Jamaican,292691327-3,88853
104,Wine - Pinot Noir Pond Haddock,540847686-3,069
105,"Wine - White, Schroder And Schyl",449822213-X,1
106,Lidsoupcont Rp12dn,608117265-1,43312
107,Bread - Ciabatta Buns,223645454-6,6474
108,"Nut - Almond, Blanched, Ground",484715826-1,787
109,The Pop Shoppe Pinapple,671860218-3,2
110,Pork - Suckling Pig,602441026-3,146
111,Pastry - Key Limepoppy Seed Tea,042424408-X,16640
112,Sour Puss Raspberry,987972378-3,518
113,Orange Roughy 6/8 Oz,391797728-1,13995
114,Cream - 18%,222782053-5,15
115,Apricots - Halves,222454929-6,42947
116,Ham - Cooked,474130051-X,71
117,Carbonated Water - Cherry,118315659-6,0
118,Wine - Ej Gallo Sonoma,972302053-X,17219
119,Bread Sour Rolls,440466648-9,1428
120,Flower - Potmums,505950087-X,66480
121,"Tarragon - Primerba, Paste",687468061-7,90071
122,Lettuce - Lambs Mash,762263036-5,555
123,Dill Weed - Dry,972904412-0,71187
124,Pork Loin Cutlets,623098110-6,7380
125,Cake - Pancake,247923117-8,546
126,Chips - Miss Vickies,064987889-2,2
127,Garam Marsala,417837192-4,7668
128,Bread - Onion Focaccia,838104016-7,56490
129,Flour - Whole Wheat,331866077-9,4
130,"Lentils - Green, Dry",309696716-4,48
131,Bread - Raisin Walnut Pull,724770007-6,46
132,Salt - Kosher,506012328-6,68
133,Apple - Macintosh,808169785-3,213
134,Soup - Campbells Tomato Ravioli,736702078-1,4628
135,Wine - Zinfandel California 2002,424218168-X,87829
136,Wine - Baron De Rothschild,839640576-X,396
137,Anchovy In Oil,802331657-5,264
138,"Wine - Magnotta, Merlot Sr Vqa",246176339-9,08
139,Smirnoff Green Apple Twist,033114143-4,04
140,Soup V8 Roasted Red Pepper,654494730-X,58659
141,Tea - Vanilla Chai,589303994-7,3005
142,Silicone Paper 16.5x24,199573356-3,31
143,"Cake Circle, Foil, Scallop",976072508-8,4
144,Cheese - Bocconcini,040864141-X,81
145,Pork - Inside,908345219-0,18
146,Garbag Bags - Black,676314547-0,0
147,Parsley Italian - Fresh,340781054-7,50
148,Chevere Logs,870717720-8,341
149,Kellogs Raisan Bran Bars,635245671-5,450
150,Ice Cream Bar - Oreo Cone,637495405-X,90
151,"Soup - Campbells, Chix Gumbo",614225064-9,95
152,Salt And Pepper Mix - White,517611656-1,7
153,Spice - Montreal Steak Spice,887094321-6,8986
154,Carbonated Water - Blackberry,040913617-4,4
155,"Tendrils - Baby Pea, Organic",309207718-0,3
156,Pomegranates,926993078-5,9565
157,"Beans - Black Bean, Canned",616450916-5,7
158,"Crab - Claws, Snow 16 - 24",311324023-9,7067
159,"Butter - Salted, Micro",498789300-2,5
160,Tea - Earl Grey,945437190-8,90946
161,Pate - Liver,543164808-X,804
162,Straws - Cocktale,984788427-7,3
163,"Cheese - Mozzarella, Buffalo",603890135-3,750
164,Beef - Inside Round,651369630-5,5
165,Appetizer - Southwestern,378330218-8,665
166,Cookie Dough - Chocolate Chip,103145236-2,4347
167,Cheese - Brie,146334108-3,48
168,Tart - Butter Plain Squares,835320248-4,15008
169,Beets - Golden,656688131-X,48286
170,Ginger - Crystalized,498160564-1,644
171,V8 Pet,653755530-2,52
172,"Nut - Pistachio, Shelled",691032198-7,9
173,"Lid - Translucent, 3.5 And 6 Oz",441370253-0,8
174,Flour - So Mix Cake White,925415443-1,0291
175,Cup - 4oz Translucent,565029162-4,5321
176,Ham - Cooked,696943523-7,281
177,Extract - Rum,784314384-X,20
178,Compound - Raspberry,566544191-0,7
179,Sprouts - Onion,526748888-7,047
180,"Nut - Chestnuts, Whole",992821713-0,313
181,Mayonnaise - Individual Pkg,341355870-6,029
182,"Vermouth - Sweet, Cinzano",167315821-8,4
183,Mini - Vol Au Vents,975595865-7,1
184,Bar - Granola Trail Mix Fruit Nut,718945291-5,5215
185,Capon - Whole,170225074-1,071
186,Dill Weed - Dry,369327388-X,7531
187,Petite Baguette,483189073-1,14223
188,Cake - French Pear Tart,481531033-5,223
189,Duck - Legs,317980737-7,943
190,Glass Clear 8 Oz,243301100-0,6025
191,"Veal - Brisket, Provimi,bnls",197522803-0,0418
192,"Jam - Strawberry, 20 Ml Jar",502773200-7,4245
193,Country Roll,700512856-7,8590
194,Wine - Chateauneuf Du Pape,004996825-4,00
195,Shiro Miso,174624574-3,8120
196,Chinese Foods - Pepper Beef,382533733-2,34
197,Fruit Salad Deluxe,334698414-1,3
198,Bag - Clear 7 Lb,353209952-7,551
199,Ice Cream Bar - Oreo Cone,402494461-4,69
200,Wine - Touraine Azay - Le - Rideau,650927929-0,64924
201,Ice Cream Bar - Hagen Daz,389363881-4,327
202,Coffee - 10oz Cup 92961,109511650-9,66
203,Table Cloth 120 Round White,530737496-8,5674
204,Sauce - Alfredo,149091798-5,2818
205,Water - Spring Water 500ml,799450199-0,96764
206,"Cheese - Brie, Triple Creme",358538706-3,060
207,Chocolate - Mi - Amere Semi,161394158-7,4
208,White Fish - Filets,907404028-4,71415
209,"Beef - Baby, Liver",832224536-X,465
210,Chocolate - Dark Callets,416952276-1,76
211,Bulgar,409415065-X,9913
212,Onion Powder,764170045-4,697
213,Sage - Fresh,639967718-1,5855
214,Irish Cream - Butterscotch,395768280-0,863
215,"Syrup - Monin, Irish Cream",733898095-0,9
216,"Tomatoes - Cherry, Yellow",493235212-3,181
217,Sauce - Chili,480592823-9,87
218,Pickles - Gherkins,869514979-X,99158
219,Carbonated Water - Peach,713345460-2,91705
220,Oneshot Automatic Soap System,080265775-3,9
221,Chef Hat 25cm,273418514-8,71532
222,Graham Cracker Mix,345078511-7,10
223,Vegetable - Base,454906173-1,930
224,"Juice - Apple, 500 Ml",329419200-2,0001
225,Rootbeer,736754476-4,67893
226,Mushroom - Porcini Frozen,893921523-0,1599
227,"Bread - Crumbs, Bulk",991921886-3,1
228,Flour - Masa De Harina Mexican,573795655-5,76379
229,Artichoke - Fresh,233616566-X,652
230,Appetizer - Lobster Phyllo Roll,899457874-9,95
231,Gatorade - Cool Blue Raspberry,389448218-4,509
232,Pork - Inside,269407543-6,66
233,Cheese - Provolone,010385462-2,959
234,"Juice - Cranberry, 341 Ml",938372950-3,49
235,Vinegar - Cider,667263763-X,70347
236,Cookie Dough - Chocolate Chip,040397230-2,1
237,Turkey - Ground. Lean,198162207-1,52
238,Pork - Ham Hocks - Smoked,746538097-9,2495
239,Praline Paste,747207823-9,97045
240,Basil - Fresh,358476012-7,0
241,Oats Large Flake,229482417-2,78322
242,Soup Campbells Beef With Veg,544456844-6,75
243,Transfer Sheets,973688298-5,79477
244,"Pepper - Julienne, Frozen",989263039-4,1
245,Trueblue - Blueberry 12x473ml,039196206-X,19
246,Chocolate - Sugar Free Semi Choc,192787185-9,0354
247,Wine - Rubyport,631407086-4,2870
248,Coffee Swiss Choc Almond,194096071-1,143
249,Carbonated Water - Peach,871831973-4,99863
250,Juice - Mango,902668196-8,89
251,Juice - Happy Planet,322057677-X,952
252,Bread - Kimel Stick Poly,093565055-5,107
253,Sea Urchin,446748999-1,95
254,"Shrimp - Baby, Warm Water",631279806-2,81
255,Sprouts Dikon,059527750-0,98
256,Salmon Steak - Cohoe 6 Oz,613690079-3,8
257,Carbonated Water - Raspberry,996646144-2,0
258,"Wine - Red, Wolf Blass, Yellow",252980280-7,620
259,Wine - Jackson Triggs Okonagan,469892271-2,63
260,Pop Shoppe Cream Soda,571603507-8,43407
261,"Chilli Paste, Sambal Oelek",154744350-2,03919
262,Cheese - Swiss Sliced,039956766-6,61
263,Blueberries,818845850-3,946
264,Cauliflower,139999256-2,074
265,Soup - Boston Clam Chowder,587483980-1,1
266,Cucumber - Pickling Ontario,381712308-6,90
267,Pepper - Cayenne,789678889-6,91
268,Browning Caramel Glace,863304299-1,29837
269,Grapes - Black,766612514-3,21
270,Sprouts - Baby Pea Tendrils,671897040-9,07
271,Beef - Ox Tongue,582424154-6,888
272,"Tart Shells - Savory, 2",238673557-5,277
273,Pie Filling - Cherry,569536684-4,0899
274,Pear - Packum,239909611-8,74
275,Toothpick Frilled,780383083-8,74
276,Cake - Cheese Cake 9 Inch,933543880-4,695
277,Bread - Assorted Rolls,412095354-8,8546
278,Ecolab - Ster Bac,125188302-8,374
279,Pate - Cognac,099388036-3,15483
280,Beef - Sushi Flat Iron Steak,330144880-1,9
281,"Rum - Spiced, Captain Morgan",884463727-8,2
282,Fond - Neutral,807563972-3,6499
283,Bacardi Mojito,923776393-X,1849
284,Smoked Tongue,626590409-4,4
285,Lettuce - Arugula,087744320-3,64813
286,Puree - Guava,194459057-9,934
287,Bread - Petit Baguette,026404738-9,61896
288,"Artichoke - Hearts, Canned",349859219-X,51
289,Cleaner - Lime Away,661065296-1,32856
290,Lid - 0090 Clear,101892438-8,81159
291,Silicone Paper 16.5x24,019955682-2,433
292,Mcgillicuddy Vanilla Schnap,916898043-4,8336
293,Lettuce - Arugula,522380074-5,16222
294,Pear - Asian,922553845-6,6
295,Gatorade - Lemon Lime,936319889-8,392
296,Pears - Bartlett,223017216-6,103
297,Sobe - Green Tea,085270270-1,6405
298,Longos - Chicken Curried,911396873-4,1122
299,"Ecolab - Orange Frc, Cleaner",436781958-2,7
300,Bread - Raisin Walnut Pull,253699411-2,3325
301,Veal - Insides Provini,262703568-1,9920
302,Soup - Campbells Beef Noodle,448465044-4,9
303,Island Oasis - Wildberry,381573481-9,13788
304,Wine - Peller Estates Late,436961868-1,8815
305,Juice - V8 Splash,056460593-X,8
306,Pork - Backs - Boneless,174208599-7,0517
307,Slt - Individual Portions,912115748-0,33933
308,Mustard - Dijon,031976413-3,8225
309,Veal - Nuckle,856981679-0,404
310,Filling - Mince Meat,131076168-X,57421
311,Wine - Toasted Head,965120062-6,081
312,Appetizer - Veg Assortment,346577655-0,97967
313,Chocolate - Sugar Free Semi Choc,358743383-6,6
314,Dill Weed - Fresh,241458022-4,31
315,Wine - Guy Sage Touraine,735489850-3,93037
316,"Glass - Wine, Plastic, Clear 5 Oz",224232322-9,909
317,Vinegar - Tarragon,432672680-6,76484
318,Appetizer - Veg Assortment,250483338-5,668
319,Oven Mitts 17 Inch,731190799-3,2641
320,Food Colouring - Orange,572622314-4,21
321,"Nut - Cashews, Whole, Raw",045693054-X,481
322,"Lemonade - Black Cherry, 591 Ml",351150725-1,847
323,"Cherries - Bing, Canned",628675320-6,11
324,Bag Stand,796069877-5,16
325,Tomatoes - Cherry,201712849-X,425
326,Bread - White Mini Epi,464586488-2,2050
327,"Soup - Campbells, Creamy",633647787-8,47049
328,Cabbage - Green,062834399-X,71
329,Tequila - Sauza Silver,218450805-5,1497
330,Cookie Dough - Chocolate Chip,289720158-4,49718
331,Gloves - Goldtouch Disposable,701990902-7,0140
332,Fudge - Cream Fudge,372201987-7,0
333,Beer - Molson Excel,506595888-2,8
334,"Lettuce - Romaine, Heart",665350095-0,871
335,Caviar - Salmon,707329417-5,07
336,Tea - Lemon Scented,661238633-9,641
337,Wine - Carmenere Casillero Del,443657813-5,0297
338,Wine - Saint Emilion Calvet,613794471-9,498
339,"Tortillas - Flour, 8",104555753-6,8571
340,Arizona - Green Tea,733825201-7,9
341,Ham - Virginia,501282320-6,493
342,"Sole - Dover, Whole, Fresh",611257843-3,4873
343,Thyme - Dried,258488784-3,74401
344,Skirt - 29 Foot,206215387-2,30275
345,Sauce - Vodka Blush,084467518-0,5
346,Jolt Cola - Electric Blue,702613395-0,1
347,Sauce - Chili,737402773-7,08
348,Tofu - Firm,870954929-3,4
349,Triple Sec - Mcguinness,744728519-6,29
350,Pork - Bacon Cooked Slcd,366258734-3,73
351,Pastry - Cherry Danish - Mini,061143960-3,58
352,Honey - Comb,928727004-X,220
353,"Stock - Veal, White",363964956-7,1714
354,"Lid - 10,12,16 Oz",042948904-8,71413
355,Tomato Puree,713448373-8,75821
356,Jicama,488187610-4,2
357,Edible Flower - Mixed,097214640-7,44
358,Salmon Atl.whole 8 - 10 Lb,154192669-2,43611
359,Lamb - Shanks,308263544-X,460
360,Cookie Choc,236119029-X,118
361,"Wine - Red, Mosaic Zweigelt",241734607-9,33
362,English Muffin,993923983-1,49
363,Soup - Campbells Chili,809379330-5,01584
364,Beef - Ground Lean Fresh,469227337-2,10129
365,"Soup - Knorr, Chicken Gumbo",998626920-2,62
366,Savory,275922702-2,3
367,Pickerel - Fillets,131696589-9,47455
368,Chutney Sauce,950699074-3,2
369,Vinegar - Rice,339046232-5,81610
370,Skewers - Bamboo,462841250-2,447
371,Fork - Plastic,166157592-7,7041
372,Pasta - Cheese / Spinach Bauletti,378630416-5,82341
373,Honey - Lavender,434437074-0,75908
374,Vinegar - Champagne,664148799-7,885
375,Squid - Tubes / Tenticles 10/20,626471636-7,04528
376,Lamb - Rack,208928403-X,1
377,Tarragon - Fresh,526623735-X,7309
378,"Asparagus - White, Canned",461338517-2,38
379,Sour Puss - Tangerine,919934070-4,44
380,"Soup - Canadian Pea, Dry Mix",892158849-3,2
381,"Wine - Red, Gallo, Merlot",841472654-2,18
382,Truffle Paste,651313144-8,0
383,Plasticforkblack,276136194-6,49348
384,Creme De Banane - Marie,850367748-2,48098
385,Steampan Lid,782733322-2,1529
386,Lid Coffeecup 12oz D9542b,773730709-5,61828
387,Coffee - Cafe Moreno,102189197-5,43
388,Lettuce - Frisee,155170011-5,71370
389,"Turkey - Whole, Fresh",340047773-7,34
390,Clam Nectar,094155220-9,333
391,Cup - 4oz Translucent,430257709-6,32
392,Shrimp - 100 / 200 Cold Water,399125179-5,623
393,Lettuce - Sea / Sea Asparagus,364759580-2,3446
394,Pastry - Baked Scones - Mini,750877072-2,1809
395,Container - Clear 32 Oz,020201646-3,1618
396,Goat - Leg,836252001-9,59
397,Rice - Sushi,097374997-0,76607
398,Tomatillo,506040428-5,79493
399,Wine - Chateau Timberlay,937661767-3,23195
400,"Beef - Tongue, Cooked",478569664-8,52
401,Corn Syrup,005537757-2,52
402,Duck - Fat,193012080-X,0287
403,Nacho Chips,789787278-5,1
404,Juice - Apple 284ml,800590831-8,952
405,"Pork - Tenderloin, Fresh",748646828-X,660
406,Longos - Grilled Chicken With,619807375-0,704
407,"Radish - Black, Winter, Organic",392815726-4,3971
408,Pastry - Baked Scones - Mini,614705440-6,52
409,Water Chestnut - Canned,163705412-2,06013
410,"Chicken - Wings, Tip Off",926887778-3,65
411,"Sauce - Black Current, Dry Mix",233039272-9,142
412,Wild Boar - Tenderloin,918047446-2,0235
413,"Wine - White, Ej Gallo",686108692-4,00
414,Corn - On The Cob,913844947-1,6
415,"Turkey - Breast, Double",599043089-2,9
416,Flower - Leather Leaf Fern,578259994-4,4
417,Cauliflower,344093908-1,42641
418,Pants Custom Dry Clean,330839573-8,2900
419,Cloves - Ground,811611823-4,486
420,"Pasta - Orzo, Dry",859011474-0,8134
421,Snapple Lemon Tea,859949115-6,864
422,Cumin - Whole,521494337-7,606
423,Salmon Steak - Cohoe 8 Oz,997272962-1,76833
424,Cheese - Grie Des Champ,834802733-5,43
425,Tea - Jasmin Green,173361154-1,7
426,Mushroom - Crimini,487055384-8,100
427,Spice - Chili Powder Mexican,783921098-8,8
428,Cup - 8oz Coffee Perforated,392686728-0,94530
429,"Cheese - Manchego, Spanish",973714638-7,82576
430,Hipnotiq Liquor,222790729-0,4544
431,The Pop Shoppe - Root Beer,488894875-5,7
432,"Cheese - Cheddar, Medium",767920642-2,872
433,Pimento - Canned,955026527-7,36
434,Magnotta Bel Paese Red,583018679-9,56
435,"Artichokes - Knobless, White",852667162-6,40526
436,"Nut - Pecan, Pieces",926154316-2,526
437,"Soup - Knorr, French Onion",274579626-7,050
438,"Nut - Hazelnut, Ground, Natural",309828385-8,170
439,Soap - Pine Sol Floor Cleaner,845095650-1,71282
440,"Chicken - Diced, Cooked",255408819-5,34779
441,Chervil - Fresh,071644033-4,2
442,Bread - Rye,003791823-0,85
443,Celery,241122122-3,537
444,Chef Hat 25cm,759844287-8,105
445,Sauce Bbq Smokey,401821114-7,80820
446,Lettuce - Belgian Endive,894826911-9,12994
447,"Chicken - White Meat, No Tender",892320359-9,8997
448,"Wine - Red, Pinot Noir, Chateau",846156187-2,469
449,Wine - Black Tower Qr,101328551-4,054
450,"Mushroom - Porcini, Dry",317059873-2,08099
451,Flower - Leather Leaf Fern,954599858-X,795
452,True - Vue Containers,603261785-8,35526
453,Goldschalger,069328168-5,581
454,Mustard Prepared,649412461-5,639
455,"Cheese - Mozzarella, Buffalo",781805267-4,8
456,"Pasta - Spaghetti, Dry",068314600-9,71
457,Soup - Campbells Asian Noodle,850800720-5,5039
458,Chips Potato Salt Vinegar 43g,782978157-5,0505
459,Island Oasis - Raspberry,418532693-9,70
460,Bay Leaf Ground,485802280-3,4
461,Cabbage - Green,283664111-8,836
462,Wine - Rubyport,314263720-6,4
463,Plate Pie Foil,162019157-1,35
464,Pie Shells 10,522847470-6,658
465,Bonito Flakes - Toku Katsuo,098251756-4,874
466,Cod - Fillets,566669648-3,840
467,Yoghurt Tubes,697059277-4,02140
468,Wine - Segura Viudas Aria Brut,266107125-3,51
469,French Pastries,958879738-1,30864
470,Pastry - Mini French Pastries,101451352-9,9528
471,Lid - 0090 Clear,124880872-X,22
472,Tomatoes - Roma,600566120-5,9
473,Kaffir Lime Leaves,052901432-7,01965
474,"Tomatoes - Diced, Canned",988624070-9,89846
475,"Shrimp - 16 - 20 Cooked, Peeled",099462904-4,6
476,Dill Weed - Fresh,492687365-6,8927
477,Wine - Crozes Hermitage E.,801342159-7,6
478,Cheese - Mozzarella,408825538-0,33592
479,"Pasta - Penne Primavera, Single",317570880-3,6089
480,Glaze - Apricot,537883056-7,47
481,Apricots - Halves,780814033-3,41
482,"Wine - Red, Mosaic Zweigelt",350519352-6,3028
483,Munchies Honey Sweet Trail Mix,847094904-7,17
484,Wine - Carmenere Casillero Del,869458606-1,9
485,Cabbage - Green,506359584-7,468
486,Bacardi Mojito,087721563-4,22875
487,Carbonated Water - Raspberry,874366906-9,632
488,Onions - Cippolini,359521861-2,157
489,Table Cloth 62x114 White,229471804-6,7
490,"Champagne - Brights, Dry",636703043-3,677
491,"Bag - Bread, White, Plain",127600222-X,09
492,Pork - Bacon Cooked Slcd,500852693-6,1
493,"Wine - White, Pinot Grigio",938865271-1,792
494,Boogies,359686299-X,37303
495,"Red Snapper - Fillet, Skin On",531314898-2,61
496,Beef Flat Iron Steak,934644406-1,41
497,"Wine - Saint - Bris 2002, Sauv",275287086-8,43661
498,Puree - Passion Fruit,789369852-7,8
499,Veal - Heart,574902609-4,75
500,Orange Roughy 6/8 Oz,146911850-5,1
501,Temperature Recording Station,698594192-3,84
502,"Fish - Artic Char, Cold Smoked",500081264-6,1654
503,Onion - Dried,664336386-1,137
504,Pears - Fiorelle,021747887-5,96250
505,Nantucket - Orange Mango Cktl,829921678-8,40
506,Basil - Fresh,014740872-5,5843
507,Macaroons - Homestyle Two Bit,037442653-8,1
508,"Tarragon - Primerba, Paste",532373082-X,31480
509,Versatainer Nc - 888,969665061-2,8275
510,"Soup - Campbells, Chix Gumbo",919378192-X,18381
511,Capers - Pickled,545473805-0,708
512,Rabbit - Legs,003078137-X,72
513,Beer - Sleeman Fine Porter,892950236-9,8
514,Pork - Back Ribs,468362928-3,61324
515,Turnip - Mini,806372731-2,7507
516,"Crab - Claws, Snow 16 - 24",631708658-3,12439
517,"Syrup - Golden, Lyles",010106987-1,708
518,Puree - Kiwi,878937321-9,6880
519,"Champagne - Brights, Dry",865281773-1,9337
520,Lidsoupcont Rp12dn,013126726-4,356
521,Wine - Hardys Bankside Shiraz,030793965-0,8986
522,Pasta - Orecchiette,909659713-3,2
523,"Juice - Clam, 46 Oz",383654888-7,77549
524,Pomegranates,636712192-7,1
525,Carbonated Water - Blackberry,176823246-6,1865
526,Cheese - Colby,405180684-7,984
527,Peas Snow,246587705-4,6694
528,Plate Pie Foil,593272011-5,86385
529,Milkettes - 2%,908103696-3,61
530,Wine - Jafflin Bourgongone,162253691-6,41
531,Clams - Canned,278468544-6,5506
532,Juice - Happy Planet,076932473-8,55
533,Cranberries - Dry,241761787-0,21
534,Cookie Trail Mix,469250192-8,87542
535,"Orange - Canned, Mandarin",940788017-6,1012
536,"Soup - Campbells, Chix Gumbo",193277543-9,03
537,Pastry - French Mini Assorted,855738796-2,7114
538,Sprouts - Bean,956506096-X,0773
539,"Lamb - Whole Head Off,nz",752113040-5,6775
540,Rice - Sushi,838373601-0,6959
541,Lotus Root,144613074-6,49491
542,Baking Powder,623242612-6,01
543,Bread - Hot Dog Buns,867586005-6,508
544,Cocoa Feuilletine,359458745-2,8
545,Veal - Osso Bucco,737883021-6,30930
546,Wine - Ruffino Chianti,192485123-7,208
547,Bread - Sour Batard,439749070-8,18650
548,"Tendrils - Baby Pea, Organic",412679103-5,83336
549,Beef - Bresaola,718067976-3,044
550,Appetizer - Shrimp Puff,290678460-5,8901
551,Numi - Assorted Teas,030731750-1,412
552,"Trout - Rainbow, Fresh",812560639-4,10
553,Chips - Doritos,950065105-X,41
554,"Oil - Truffle, White",575606804-X,5
555,Dry Ice,174827793-6,5516
556,Dooleys Toffee,127651889-7,005
557,"Lamb - Whole, Frozen",354322686-X,695
558,Beef - Rib Eye Aaa,723810543-8,18479
559,Spaghetti Squash,388128853-8,743
560,Nantucket Apple Juice,992896242-1,4633
561,Muffin Mix - Oatmeal,035929850-8,318
562,Coffee - Dark Roast,928764318-0,4
563,Table Cloth 54x72 Colour,151259613-2,236
564,Bread - Raisin Walnut Oval,396797561-4,3
565,Mushroom - King Eryingii,456836601-1,51035
566,Cookie - Oatmeal,266739039-3,3
567,Mustard - Dijon,911513845-3,9129
568,"Wine - Red, Marechal Foch",793533987-2,39
569,Towel Dispenser,086429191-4,31498
570,Chicken - Tenderloin,631610814-1,50
571,Coffee Guatemala Dark,713264484-X,10809
572,Onions - Cooking,164231047-6,11117
573,Bacardi Mojito,151922667-5,9224
574,Versatainer Nc - 9388,078773536-1,5
575,Wine - Zinfandel Rosenblum,866962865-1,8298
576,"Capon - Breast, Wing On",228069377-1,70
577,"Cheese - Manchego, Spanish",973847766-2,35
578,Wine - Chateau Bonnet,894171591-1,41
579,Tray - 16in Rnd Blk,590686107-6,2
580,Juice - Mango,009316706-7,16479
581,Corn - Mini,103199289-8,579
582,Creme De Menth - White,423694442-1,801
583,"Flour - Bran, Red",393532369-7,5927
584,Shopper Bag - S - 4,796537736-5,68698
585,Wine - Mondavi Coastal Private,699709961-0,5541
586,Cod - Black Whole Fillet,094527486-6,3634
587,"Beans - Kidney, Red Dry",367378250-9,5812
588,Butter - Salted,653196703-X,48
589,Muskox - French Rack,375417127-5,4017
590,Carbonated Water - Blackcherry,660718685-8,32730
591,Carrots - Mini Red Organic,880364798-8,50
592,Peppercorns - Pink,015851477-7,2
593,"Shrimp - Baby, Warm Water",400993352-6,008
594,"Beef - Kindney, Whole",359740693-9,716
595,Bouillion - Fish,202576064-7,75
596,Tea - Lemon Green Tea,886899185-3,2
597,Lotus Root,136693375-3,05
598,"Lemonade - Mandarin, 591 Ml",867706582-2,96060
599,Oven Mitts - 15 Inch,963047883-8,5
600,"Nestea - Ice Tea, Diet",748161425-3,4298
601,"Wine - White, Gewurtzraminer",893130195-2,239
602,Oven Mitt - 13 Inch,056928194-6,45
603,Cheese - Le Cru Du Clocher,481420622-4,0
604,"Lettuce - Mini Greens, Whole",967549393-3,3
605,Veal - Inside,674261874-4,9
606,Wine - Manischewitz Concord,960068481-2,6
607,"Wine - Red, Mosaic Zweigelt",656551764-9,3
608,Beef Dry Aged Tenderloin Aaa,781113283-4,571
609,Chick Peas - Dried,928466316-4,4
610,Juice - Apple Cider,900324682-3,171
611,Lamb - Sausage Casings,897885733-7,2
612,Wine - Chateau Timberlay,289702634-0,81857
613,Toothpick Frilled,330170599-5,41991
614,Muffin Mix - Morning Glory,792160951-1,68
615,Beans - Yellow,003602197-0,994
616,Beef - Flank Steak,898893861-5,95
617,Bread - Crusty Italian Poly,933064857-6,4802
618,Cornish Hen,929101611-X,3
619,Garlic,191559398-0,3711
620,"Lamb - Whole, Fresh",697313052-6,77887
621,Macaroons - Two Bite Choc,935368935-X,81
622,Soup Knorr Chili With Beans,926860522-8,3473
623,Cheese - Pied De Vents,711489585-2,0439
624,Anchovy Fillets,675543353-5,9
625,"Lamb - Whole, Fresh",267075408-2,712
626,Turnip - Mini,038718294-2,69
627,Langers - Cranberry Cocktail,970704646-5,91656
628,"Wine - White, Cooking",004237981-4,254
629,"Rum - Spiced, Captain Morgan",912725879-3,5066
630,Beer - Blue,951295348-X,1656
631,Sauce - Alfredo,125734120-0,871
632,"Coconut - Shredded, Unsweet",917429555-1,4
633,Rhubarb,592611588-4,16
634,"Gin - Gilbeys London, Dry",329996558-1,484
635,Sour Cream,286344893-5,3
636,Pears - Anjou,491400480-1,03
637,Wine - Domaine Boyar Royal,291343530-0,79949
638,Sambuca Cream,834088465-4,60
639,Wine - Chablis 2003 Champs,664891775-X,16306
640,Tarts Assorted,713139571-4,962
641,Juice - Cranberry 284ml,029555892-X,33922
642,"Crush - Grape, 355 Ml",960090562-2,672
643,"Pasta - Penne, Rigate, Dry",652326711-3,235
644,Muffin Mix - Blueberry,631744356-4,31
645,Thyme - Dried,052116652-7,1
646,Pepper - Pablano,687966743-0,15
647,"Tart Shells - Sweet, 3",807151315-6,55
648,"Wine - White, Concha Y Toro",252788327-3,463
649,"Veal - Round, Eye Of",600725709-6,545
650,Wine - Ej Gallo Sierra Valley,851909771-5,9
651,Pastry - Banana Tea Loaf,286452191-1,5
652,"Iced Tea - Lemon, 460 Ml",507224449-0,42967
653,"Pork - Bacon, Double Smoked",976934808-2,0
654,Rice Wine - Aji Mirin,702054939-X,605
655,"Coffee - Colombian, Portioned",741809108-7,85230
656,Tea - Herbal Sweet Dreams,631768712-9,14065
657,Wakami Seaweed,884313379-9,406
658,Lettuce - Lolla Rosa,725504197-3,78797
659,Ocean Spray - Kiwi Strawberry,815080026-3,9
660,Water - Aquafina Vitamin,338639881-2,9
661,Slt - Individual Portions,230722288-X,9
662,Sprouts - Pea,802936469-5,7358
663,Pectin,794035642-9,01
664,"Crab - Claws, 26 - 30",003276792-7,7
665,Cake - French Pear Tart,369092543-6,7286
666,Juice - Cranberry 284ml,584008092-6,96
667,Lobster - Canned Premium,541010703-9,36
668,Spinach - Frozen,740484119-4,9041
669,Compound - Raspberry,557056242-7,2164
670,Pizza Pizza Dough,249092595-4,45753
671,Chicken - Tenderloin,411595166-4,51
672,Table Cloth 120 Round White,893104108-X,75
673,Peas Snow,820251853-9,3
674,Glucose,378596343-2,4020
675,Mint - Fresh,078871904-1,33
676,Cheese - Mascarpone,427761372-1,0757
677,"Veal - Inside Round / Top, Lean",484610769-8,667
678,Carbonated Water - Raspberry,138736880-X,300
679,"Lid - Translucent, 3.5 And 6 Oz",608407421-9,36770
680,Fenngreek Seed,422761943-2,700
681,Compound - Passion Fruit,793982578-X,07498
682,Tilapia - Fillets,080535152-3,27
683,Syrup - Kahlua Chocolate,221780558-4,28
684,"Veal - Inside Round / Top, Lean",129184463-5,95352
685,Bagel - Whole White Sesame,088794892-8,9
686,Quinoa,385507769-X,606
687,"Wine - Red, Pelee Island Merlot",272979543-X,58
688,Gatorade - Lemon Lime,346894171-4,9191
689,Flounder - Fresh,817070354-9,8845
690,Spring Roll Wrappers,807000655-2,2
691,Cumin - Ground,487160472-1,2
692,Chips - Miss Vickies,581377912-4,66086
693,Lobster - Canned Premium,012198736-1,7
694,"Pasta - Fettuccine, Dry",665102046-3,346
695,"Soup - Knorr, Veg / Beef",085890356-3,3
696,Oil - Pumpkinseed,901461016-5,25
697,Wine - Taylors Reserve,859013153-X,66044
698,Juice Peach Nectar,518296524-9,47
699,Bar Mix - Lime,366732887-7,23614
700,Basil - Seedlings Cookstown,214815653-5,543
701,Carrots - Jumbo,530529476-2,95640
702,Extract - Almond,294557784-4,3
703,Nectarines,825139142-3,24658
704,Dr. Pepper - 355ml,471312786-8,45
705,"Placemat - Scallop, White",184535415-X,93
706,"Beef - Tongue, Fresh",335614816-8,7783
707,Mushroom - King Eryingii,331315729-7,087
708,Wine - Fino Tio Pepe Gonzalez,270588340-1,1
709,Skirt - 24 Foot,464203472-2,9606
710,Bols Melon Liqueur,126828514-5,7
711,"Wine - Saint - Bris 2002, Sauv",470253237-5,34417
712,Spring Roll Veg Mini,976994367-3,2
713,Flour - Masa De Harina Mexican,714921696-X,4118
714,Beef - Top Butt,282156998-X,0
715,"Bag - Bread, White, Plain",436436935-7,8
716,Godiva White Chocolate,337742727-9,109
717,Cookie Dough - Oatmeal Rasin,076849275-0,80024
718,Bananas,018218755-1,592
719,"Corn - Cream, Canned",753471665-9,97085
720,Creme De Banane - Marie,895730444-4,14843
721,Gatorade - Fruit Punch,139921117-X,11
722,Chocolate - Unsweetened,895846706-1,252
723,Juice - Apple 284ml,218757747-3,373
724,Buffalo - Striploin,881607122-2,973
725,"Juice - Orange, Concentrate",349748274-9,518
726,Spic And Span All Purpose,483768211-1,7870
727,Cheese - Parmigiano Reggiano,052652782-X,82824
728,Dome Lid Clear P92008h,696359086-9,94778
729,Pear - Packum,890705041-4,202
730,Chicken - White Meat With Tender,021552331-8,59
731,Beans - Yellow,806464997-8,79153
732,Oven Mitt - 13 Inch,529482434-5,22269
733,Tea - Herbal Sweet Dreams,847621575-4,236
734,Tea - Green,636964600-8,97
735,"Wine - Red, Mouton Cadet",583555710-8,17832
736,Soap - Mr.clean Floor Soap,304720910-3,68
737,Longos - Lasagna Veg,811313115-9,218
738,Cheese - Grie Des Champ,585852451-6,7790
739,Praline Paste,690276886-2,65
740,Beef - Ox Tongue,744762535-3,2043
741,"Veal - Brisket, Provimi,bnls",085261555-8,26373
742,Bread - Olive Dinner Roll,987272656-6,93177
743,Fish - Bones,086830231-7,8594
744,Wiberg Cure,241349697-1,90680
745,Soupfoamcont12oz 112con,665131134-4,06
746,Cilantro / Coriander - Fresh,778607649-2,8
747,Bread - Mini Hamburger Bun,601568111-X,70630
748,Bread - Corn Muffaletta,284924906-8,19370
749,Crab - Soft Shell,428298592-5,89301
750,Bread - Pita,615394375-6,3294
751,Cup - 4oz Translucent,567598169-1,32322
752,"Flour - Bran, Red",048937938-9,1073
753,Amarula Cream,519090537-3,11451
754,Cheese - Roquefort Pappillon,231274183-0,2
755,"Soup - Beef, Base Mix",380134653-6,6
756,"Juice - Pineapple, 341 Ml",773889907-7,4396
757,Pork - Kidney,608556468-6,9160
758,Juice - Lemon,648041106-4,86710
759,Squid - Tubes / Tenticles 10/20,511714846-0,2195
760,Wine - Ruffino Chianti Classico,939203521-7,50348
761,Iced Tea Concentrate,335009932-7,61942
762,Bread - French Baquette,935394770-7,16665
763,Potatoes - Peeled,271385729-5,099
764,Potatoes - Mini Red,668399309-2,339
765,Curry Paste - Madras,082483445-3,17462
766,Island Oasis - Banana Daiquiri,027628479-8,6859
767,"Lentils - Green, Dry",921638358-5,797
768,Muskox - French Rack,505668948-3,117
769,Mahi Mahi,527721184-5,3658
770,"Melon - Watermelon, Seedless",037715173-4,07878
771,Nectarines,833352350-1,8943
772,Venison - Racks Frenched,766416272-6,243
773,"Wine - White, Pelee Island",305509331-3,8445
774,Cheese - Swiss,108449162-1,88420
775,Ice Cream Bar - Oreo Cone,368440473-X,4264
776,"Shrimp - 16/20, Peeled Deviened",482839329-3,46
777,Beans - Fava Fresh,840743946-0,2
778,Cookie - Dough Variety,049644524-3,3
779,Lentils - Green Le Puy,146868281-4,82
780,Pastry - Choclate Baked,441506908-8,58
781,Syrup - Chocolate,382626519-X,401
782,Cheese - Gouda,285380924-2,13
783,Beef - Shank,077363160-7,4
784,Glass Clear 8 Oz,768607139-1,407
785,Sage Derby,232960336-3,9277
786,Flour - All Purpose,081463620-9,59
787,"Lid - High Heat, Super Clear",690136905-0,94021
788,Broom - Push,319908138-X,9009
789,Jameson - Irish Whiskey,113413778-8,141
790,"Beans - Black Bean, Canned",918392110-9,9504
791,Chips Potato Salt Vinegar 43g,843743067-4,59983
792,Bread - Mini Hamburger Bun,203459775-3,9
793,Sugar - Brown,994799713-8,0934
794,"Beef - Tongue, Fresh",217863698-5,0963
795,Shrimp - Black Tiger 13/15,977071002-4,942
796,Tomatoes Tear Drop,372223062-4,96
797,Water - Perrier,047682505-9,8386
798,Berry Brulee,532294919-4,56190
799,"Lamb - Whole, Fresh",504180015-4,6361
800,Salami - Genova,276781301-6,4
801,"Wine - Harrow Estates, Vidal",825127624-1,82
802,Ecolab - Balanced Fusion,522247907-2,611
803,Ice Cream Bar - Hageen Daz To,193798391-9,14056
804,Raisin - Dark,192006688-8,67608
805,Wine - Fino Tio Pepe Gonzalez,145134005-2,2384
806,Icecream - Dstk Strw Chseck,166575471-0,92
807,Bacardi Limon,638253251-7,208
808,Container - Clear 16 Oz,519210241-3,98685
809,Wine - Winzer Krems Gruner,141557731-5,530
810,"Clams - Littleneck, Whole",988818161-0,6993
811,Pepper - Red Chili,310830390-2,12
812,Sobe - Tropical Energy,923814050-2,3919
813,Vinegar - Tarragon,322150685-6,11869
814,"Coffee - Beans, Whole",016982248-6,7
815,Soup - Campbells Broccoli,383701581-5,0
816,Chef Hat 25cm,281978570-0,1690
817,Lamb Tenderloin Nz Fr,216661620-8,8192
818,Squid U5 - Thailand,268648953-7,556
819,"Vodka - Hot, Lnferno",062309895-4,074
820,Beef Cheek Fresh,516182487-5,9397
821,Mousse - Banana Chocolate,670753212-X,02584
822,Iced Tea Concentrate,581169100-9,9687
823,"Quail - Whole, Bone - In",220774817-0,4166
824,Tilapia - Fillets,537638822-0,415
825,Chick Peas - Dried,227316300-2,5
826,Chickhen - Chicken Phyllo,291351275-5,5012
827,Yogurt - French Vanilla,540331196-3,084
828,"Asparagus - White, Fresh",796695033-6,45
829,Tea - Honey Green Tea,206827431-0,50214
830,Chicken - Base,709887875-8,9946
831,Beer - Blue Light,863108078-0,62
832,Muffin - Carrot Individual Wrap,882036383-6,66
833,"Extract - Vanilla,artificial",348975504-9,75
834,"Veal - Inside, Choice",437569593-5,4732
835,Bread - Raisin,623712420-9,36
836,Capicola - Hot,361112644-6,13761
837,Olive - Spread Tapenade,006107218-4,07396
838,Pork - Bones,299634675-0,4
839,Cake - French Pear Tart,072992873-X,890
840,Ecolab - Hand Soap Form Antibac,641127783-4,9
841,"Seedlings - Mix, Organic",427892968-4,1
842,"Plate - Foam, Bread And Butter",982297091-9,64
843,"Beef - Rib Roast, Cap On",579236069-3,7
844,Bread - Calabrese Baguette,807529385-1,60
845,"Chestnuts - Whole,canned",816806093-8,065
846,Wood Chips - Regular,691786250-9,48777
847,Vinegar - Balsamic,182053216-X,6086
848,Pear - Packum,285194055-4,68
849,Oil - Peanut,644564367-1,47852
850,Cheese - Wine,679588177-6,903
851,Island Oasis - Lemonade,254244197-9,033
852,Appetizer - Veg Assortment,461397166-7,39
853,Wine - Taylors Reserve,557224393-0,7
854,Shark - Loin,774763027-1,79
855,Nescafe - Frothy French Vanilla,366051833-6,9
856,Bag Clear 10 Lb,272538706-X,8
857,Wine - Stoneliegh Sauvignon,210346400-1,447
858,Tea Peppermint,989359731-5,5
859,Limes,272637637-1,49228
860,Tumeric,513133391-1,8668
861,Flour - Bread,519509702-X,2001
862,Bread Fig And Almond,625591495-X,6
863,Seabream Whole Farmed,418965695-X,1
864,Arizona - Green Tea,698935148-9,74262
865,Frangelico,061951842-1,1463
866,Bananas,041337834-9,020
867,"Pork - Sausage, Medium",673428441-7,80885
868,Magnotta Bel Paese Red,963699538-9,40
869,Taro Leaves,678478175-9,47872
870,Lettuce - Boston Bib,388510613-2,8
871,Buffalo - Short Rib Fresh,510597379-8,8725
872,Tuna - Sushi Grade,754655143-9,23567
873,Bread - Italian Roll With Herbs,122206660-2,7
874,The Pop Shoppe - Root Beer,149942995-9,7
875,Cups 10oz Trans,990964698-6,8
876,Ice Cream Bar - Hagen Daz,665067414-1,7148
877,Blueberries,997859234-2,8766
878,"Cheese - Mozzarella, Shredded",557841346-3,68
879,"Noodles - Cellophane, Thin",863126783-X,9
880,Pears - Anjou,374102617-4,2
881,Beef - Texas Style Burger,973125429-3,45293
882,Sobe - Berry Energy,252242722-9,12
883,Truffle Shells - White Chocolate,902937689-9,8
884,Wakami Seaweed,658815952-8,65
885,Bread - White Epi Baguette,468574854-9,0266
886,"Mushroom - Shitake, Fresh",168051758-9,5
887,Wine - Prosecco Valdobiaddene,064967576-2,3
888,Wine - Crozes Hermitage E.,899851655-1,9304
889,"Cup - 6oz, Foam",802369713-7,670
890,"Pepper - Paprika, Hungarian",913487168-3,6
891,Bread Base - Goodhearth,451507622-1,0
892,Bread - Mini Hamburger Bun,376551415-2,68711
893,Juice - Orange,209784947-4,376
894,Chocolate Bar - Smarties,984841036-8,5859
895,Apricots - Dried,810459632-2,870
896,Chef Hat 20cm,958362774-7,5177
897,Pepper - Red Thai,843399382-8,26
898,Tahini Paste,787354162-2,28758
899,"Soup - Campbells, Beef Barley",604877658-6,27187
900,Cheese - Le Cru Du Clocher,350970066-X,530
901,Duck - Fat,754192614-0,15
902,French Kiss Vanilla,307170597-2,794
903,Ice Cream - Strawberry,570446404-1,2035
904,"Nut - Cashews, Whole, Raw",049472207-X,23295
905,Evaporated Milk - Skim,842486416-6,40
906,"Lamb - Shoulder, Boneless",713221252-4,62990
907,Muffin - Mix - Strawberry Rhubarb,701107925-4,9399
908,Wine - Port Late Bottled Vintage,014364736-9,72
909,Sobe - Lizard Fuel,236677406-0,8952
910,"Brownies - Two Bite, Chocolate",843602186-X,36
911,Nantucket - Carrot Orange,577977671-7,365
912,"Veal - Chops, Split, Frenched",040814460-2,2062
913,Cookie Dough - Oatmeal Rasin,383726246-4,65597
914,Cup - Paper 10oz 92959,527157463-6,500
915,Cucumber - English,872449542-5,80661
916,"Shrimp - 16/20, Peeled Deviened",071482749-5,58376
917,"Cheese - Woolwich Goat, Log",887970720-5,74343
918,Huck Towels White,304673837-4,82590
919,Foil - 4oz Custard Cup,178655872-6,5
920,Puree - Mango,712379123-1,0477
921,"Wine - Red, Cabernet Sauvignon",717094616-5,892
922,"Salmon - Atlantic, No Skin",256199245-4,1
923,Icecream - Dstk Strw Chseck,150217412-X,255
924,Bar - Granola Trail Mix Fruit Nut,586305843-9,959
925,"Yogurt - Banana, 175 Gr",907309517-4,411
926,Otomegusa Dashi Konbu,876375528-9,969
927,Bar Nature Valley,601877093-8,7847
928,"Lemonade - Island Tea, 591 Ml",190857613-8,473
929,Wine - Fino Tio Pepe Gonzalez,338106139-9,44
930,Rhubarb,444593390-2,7
931,Pernod,448751597-1,39891
932,Cookies - Englishbay Oatmeal,767235439-6,96
933,Remy Red,891197011-5,94
934,Chambord Royal,322370375-6,2
935,Flour - Chickpea,021610111-5,480
936,Mcgillicuddy Vanilla Schnap,326435722-4,973
937,Pie Shell - 5,952979747-8,7
938,Veal - Eye Of Round,995083468-6,70702
939,Quiche Assorted,188244271-7,439
940,Lamb - Ground,080175947-1,09
941,"Turnip - White, Organic",874637768-9,2451
942,Hot Choc Vending,917580605-3,57910
943,"Vodka - Hot, Lnferno",981882218-8,694
944,"Sugar - Brown, Individual",104877507-0,334
945,Lettuce - Lolla Rosa,751043327-4,8
946,Tarts Assorted,261501261-4,40990
947,Oil - Shortening - All - Purpose,621736459-X,11
948,Ecolab Silver Fusion,379993874-5,87
949,Foil Wrap,815314670-X,49
950,Pork - Suckling Pig,071377197-6,4
951,Pork - Caul Fat,530623928-5,16
952,Bread - 10 Grain,223673024-1,1
953,Juice - Lime,503382010-9,801
954,Capon - Whole,364742950-3,85327
955,Mussels - Cultivated,644102536-1,5
956,Vaccum Bag - 14x20,853845303-3,13272
957,Wine - Zinfandel Rosenblum,401130918-4,0
958,Cheese Cloth,038432153-4,7404
959,"Salmon - Atlantic, Skin On",259024661-7,4
960,"Jam - Strawberry, 20 Ml Jar",055846524-2,4
961,The Pop Shoppe - Root Beer,894077198-2,22
962,Sproutsmustard Cress,470395214-9,782
963,Truffle Paste,868662577-0,1830
964,Muffin - Mix - Bran And Maple 15l,942225308-X,77
965,Mangostein,641483755-5,17
966,Asparagus - Frozen,270509335-4,9025
967,Vector Energy Bar,880163529-X,00549
968,Puff Pastry - Slab,106730393-6,8267
969,"Liners - Banana, Paper",830783745-6,73
970,Pastry - Banana Tea Loaf,027344860-9,465
971,Soup - Campbells Chili Veg,989771398-0,840
972,Cheese - Pont Couvert,032758876-4,64790
973,Sprouts - Baby Pea Tendrils,594751801-5,6
974,Soup - Cream Of Potato / Leek,582820496-3,665
975,Longos - Cheese Tortellini,925753776-5,629
976,Yukon Jack,549221072-6,91
977,Beef - Prime Rib Aaa,537138467-7,822
978,V8 - Tropical Blend,967836452-2,1
979,Oats Large Flake,091872344-2,13
980,Lotus Root,261983049-4,083
981,"Loaf Pan - 2 Lb, Foil",766596555-5,624
982,"Liners - Banana, Paper",176267168-9,9
983,Cookie - Oreo 100x2,401289907-4,5
984,"Cheese - Cheddar, Medium",984687330-1,31
985,Tomatoes Tear Drop Yellow,385827227-2,969
986,"Brandy - Orange, Mc Guiness",687342862-0,48
987,Beer - Upper Canada Lager,597167665-2,9
988,Pepper - Green,644232861-9,12983
989,Pea - Snow,985145998-4,6
990,Caviar - Salmon,293986994-4,52059
991,"Beef - Kindney, Whole",625730652-3,695
992,Silicone Parch. 16.3x24.3,706245137-1,51
993,Cream - 10%,990014462-7,784
994,"Ham - Smoked, Bone - In",770631062-0,4
995,Creamers - 10%,530124090-0,5135
996,"Napkin - Dinner, White",860437742-5,2632
997,Veal - Heart,947221733-8,9
998,Lettuce - Belgian Endive,532586059-3,189
999,"Spoon - Soup, Plastic",152878528-2,6
1000,Duck - Fat,602541321-5,89025
